<application>
  <component name="ExportableFileTemplateSettings">
    <j2ee_templates>
      <template name="com.haulmont.rcb.arrow_function_component.jsx" reformat="true" live-template-enabled="false" enabled="false" />
      <template name="com.haulmont.rcb.arrow_function_component.tsx" reformat="true" live-template-enabled="false" enabled="false" />
      <template name="com.haulmont.rcb.class_component.tsx" reformat="true" live-template-enabled="false" enabled="false" />
      <template name="com.haulmont.rcb.class_component.jsx" reformat="true" live-template-enabled="false" enabled="false" />
      <template name="com.haulmont.rcb.function_component.jsx" reformat="true" live-template-enabled="false" enabled="false" />
      <template name="com.haulmont.rcb.function_component.tsx" reformat="true" live-template-enabled="false" enabled="false" />
      <template name="com.haulmont.rcb.index.js" reformat="true" live-template-enabled="false" enabled="false" />
      <template name="com.haulmont.rcb.index.ts" reformat="true" live-template-enabled="false" enabled="false" />
      <template name="com.haulmont.rcb.mantine._document.jsx" reformat="true" live-template-enabled="false" enabled="false" />
      <template name="com.haulmont.rcb.mantine._document.tsx" reformat="true" live-template-enabled="false" enabled="false" />
      <template name="com.haulmont.rcb.nextui._document.tsx" reformat="true" live-template-enabled="false" enabled="false" />
      <template name="com.haulmont.rcb.nextui._document.jsx" reformat="true" live-template-enabled="false" enabled="false" />
      <template name="com.haulmont.rcb.palette.jsx" reformat="true" live-template-enabled="false" enabled="false" />
      <template name="com.haulmont.rcb.palette.tsx" reformat="true" live-template-enabled="false" enabled="false" />
      <template name="com.haulmont.rcb.previews.tsx" reformat="true" live-template-enabled="false" enabled="false" />
      <template name="com.haulmont.rcb.previews.jsx" reformat="true" live-template-enabled="false" enabled="false" />
      <template name="com.haulmont.rcb.README.md" reformat="true" live-template-enabled="false" enabled="false" />
      <template name="com.haulmont.rcb.story_template.tsx" reformat="true" live-template-enabled="false" enabled="false" />
      <template name="com.haulmont.rcb.story_template.jsx" reformat="true" live-template-enabled="false" enabled="false" />
      <template name="com.haulmont.rcb.story_template7.tsx" reformat="true" live-template-enabled="false" enabled="false" />
      <template name="com.haulmont.rcb.story_template7.jsx" reformat="true" live-template-enabled="false" enabled="false" />
      <template name="com.haulmont.rcb.useInitial.js" reformat="true" live-template-enabled="false" enabled="false" />
      <template name="com.haulmont.rcb.useInitial.ts" reformat="true" live-template-enabled="false" enabled="false" />
    </j2ee_templates>
    <default_templates>
      <template name="create react component.tsx" file-name="${NAME}" reformat="true" live-template-enabled="false">
        <template name="create react component.tsx.child.0.ts" file-name="index" reformat="true" live-template-enabled="false" />
        <template name="create react component.tsx.child.1༏ext༏.module.scss" file-name="${NAME}" reformat="true" live-template-enabled="false" />
        <template name="create react component.tsx.child.2༏ext༏.stories.tsx" file-name="${NAME}" reformat="true" live-template-enabled="false" />
      </template>
      <template name="create react component.tsx.child.0.ts" file-name="index" reformat="true" live-template-enabled="false" />
      <template name="create react component.tsx.child.1༏ext༏.module.scss" file-name="${NAME}" reformat="true" live-template-enabled="false" />
      <template name="create react component.tsx.child.2༏ext༏.stories.tsx" file-name="${NAME}" reformat="true" live-template-enabled="false" />
    </default_templates>
  </component>
</application>